Features,value,group
Aminoglycoside,4.64998089252,1
Bicyclomycin,3.92121992789,1
Triclosan,4.30916879059,1
Phenicol,3.9356673678,1
