Features,value,group
Fosfomycin,3.2630418345,0
Aminoglycoside,4.55554809675,1
Aminocoumarin antibiotic,3.60357721183,0
Bicyclomycin,3.43121656289,1
Triclosan,3.99322322224,1
Diaminopyrimidine,3.69613761896,1
Phenicol,3.65572639632,1
