Features,value,group
Aminoglycoside,4.594207937859595,1
Bicyclomycin,3.979946010100744,1
Phenicol,4.054725781790688,1
Triclosan,4.11884122180554,1
