Features,value,group
k141_430517.concoct_part_0,2.8284148845766843,1
k141_1878974.concoct_part_0,2.8816960766566213,1
k141_3030556.concoct_part_0,3.754709359410968,1
k141_26324.concoct_part_0,3.228436375887698,1
k141_1565519.concoct_part_0,2.625980530655762,0
k141_15785.concoct_part_0,2.1656556278293126,0
k141_2310324.concoct_part_0,2.016425693262195,0
